2.000000000000000042e-02,1.402219497745771370e-02,9.797305051550212474e-01
2.232653061224489921e-01,1.402219497745771370e-02,7.762466061436023024e-01
4.265306122448980219e-01,1.402219497745771370e-02,5.832264080863078792e-01
6.297959183673470518e-01,1.402219497745771370e-02,4.086401754993616575e-01
8.330612244897960261e-01,1.402219497745771370e-02,2.596349078606090544e-01
1.036326530612245111e+00,1.402219497745771370e-02,1.422372645689007342e-01
1.239591836734694086e+00,1.402219497745771370e-02,6.110548046616524898e-02
1.442857142857143060e+00,1.402219497745771370e-02,1.934046783128725092e-02
1.646122448979592034e+00,1.402219497745771370e-02,1.836374388496281665e-02
1.849387755102041009e+00,1.402219497745771370e-02,5.786695798050366102e-02
2.052653061224490205e+00,1.402219497745771370e-02,1.358347425053096635e-01
2.255918367346938957e+00,1.402219497745771370e-02,2.486395059151462195e-01
2.459183673469388154e+00,1.402219497745771370e-02,3.912037567054026388e-01
2.662448979591836906e+00,1.402219497745771370e-02,5.572227209718426666e-01
2.865714285714286103e+00,1.402219497745771370e-02,7.394375116945067772e-01
3.068979591836734855e+00,1.402219497745771370e-02,9.299470289074842633e-01
3.272244897959184051e+00,1.402219497745771370e-02,1.120545201851695483e+00
3.475510204081633248e+00,1.402219497745771370e-02,1.303069190348751905e+00
3.678775510204082000e+00,1.402219497745771370e-02,1.469743781679355488e+00
3.882040816326531196e+00,1.402219497745771370e-02,1.613507463799834341e+00
4.085306122448979949e+00,1.402219497745771370e-02,1.728306511904699194e+00
4.288571428571428257e+00,1.402219497745771370e-02,1.809344853516359874e+00
4.491836734693877453e+00,1.402219497745771370e-02,1.853279413904971751e+00
4.695102040816326650e+00,1.402219497745771370e-02,1.858353004055552260e+00
4.898367346938775846e+00,1.402219497745771370e-02,1.824459495537920972e+00
5.101632653061225042e+00,1.402219497745771370e-02,1.753138915426246003e+00
5.304897959183673350e+00,1.402219497745771370e-02,1.647503066716639708e+00
5.508163265306122547e+00,1.402219497745771370e-02,1.512095209534999540e+00
5.711428571428571743e+00,1.402219497745771370e-02,1.352690102353420132e+00
5.914693877551020940e+00,1.402219497745771370e-02,1.176043184689299581e+00
6.117959183673469248e+00,1.402219497745771370e-02,9.895997801445001185e-01
6.321224489795918444e+00,1.402219497745771370e-02,8.011768247864313741e-01
6.524489795918367641e+00,1.402219497745771370e-02,6.186307148000724787e-01
6.727755102040816837e+00,1.402219497745771370e-02,4.495253761275329052e-01
6.931020408163266033e+00,1.402219497745771370e-02,3.008145692760853529e-01
7.134285714285714342e+00,1.402219497745771370e-02,1.785517617978799043e-01
7.337551020408163538e+00,1.402219497745771370e-02,8.763966122385746793e-02
7.540816326530612734e+00,1.402219497745771370e-02,3.162975799085317175e-02
7.744081632653061931e+00,1.402219497745771370e-02,1.258005759805378744e-02
7.947346938775510239e+00,1.402219497745771370e-02,3.097667792691005326e-02
8.150612244897960323e+00,1.402219497745771370e-02,8.572225894207639862e-02
8.353877551020408632e+00,1.402219497745771370e-02,1.741912943505063982e-01
8.557142857142856940e+00,1.402219497745771370e-02,2.923496686587653270e-01
8.760408163265307024e+00,1.402219497745771370e-02,4.349329876919363902e-01
8.963673469387755333e+00,1.402219497745771370e-02,5.956758390794982816e-01
9.166938775510205417e+00,1.402219497745771370e-02,7.675820135957297508e-01
9.370204081632653725e+00,1.402219497745771370e-02,9.432240454992966150e-01
9.573469387755102034e+00,1.402219497745771370e-02,1.115059258313358281e+00
9.776734693877552118e+00,1.402219497745771370e-02,1.275748878446000045e+00
9.980000000000000426e+00,1.402219497745771370e-02,1.418466725905888737e+00
2.000000000000000042e-02,1.980148111597721250e-01,9.769095137954171282e-01
2.232653061224489921e-01,1.980148111597721250e-01,7.539574321871211904e-01
4.265306122448980219e-01,1.980148111597721250e-01,5.585703054200278350e-01
6.297959183673470518e-01,1.980148111597721250e-01,3.978553011200439693e-01
8.330612244897960261e-01,1.980148111597721250e-01,2.764351361853625288e-01
1.036326530612245111e+00,1.980148111597721250e-01,1.963676990501137531e-01
1.239591836734694086e+00,1.980148111597721250e-01,1.572213841325703909e-01
1.442857142857143060e+00,1.980148111597721250e-01,1.562897027044494458e-01
1.646122448979592034e+00,1.980148111597721250e-01,1.889218950013708820e-01
1.849387755102041009e+00,1.980148111597721250e-01,2.489413134013678253e-01
2.052653061224490205e+00,1.980148111597721250e-01,3.291204187360494138e-01
2.255918367346938957e+00,1.980148111597721250e-01,4.216803449729584208e-01
2.459183673469388154e+00,1.980148111597721250e-01,5.187840354082281502e-01
2.662448979591836906e+00,1.980148111597721250e-01,6.129947254710831350e-01
2.865714285714286103e+00,1.980148111597721250e-01,6.976757484934571485e-01
3.068979591836734855e+00,1.980148111597721250e-01,7.673129161299072631e-01
3.272244897959184051e+00,1.980148111597721250e-01,8.177466842398289915e-01
3.475510204081633248e+00,1.980148111597721250e-01,8.463075580455782232e-01
3.678775510204082000e+00,1.980148111597721250e-01,8.518543317362968770e-01
3.882040816326531196e+00,1.980148111597721250e-01,8.347204476149248098e-01
4.085306122448979949e+00,1.980148111597721250e-01,7.965787019449022122e-01
4.288571428571428257e+00,1.980148111597721250e-01,7.402384888836163190e-01
4.491836734693877453e+00,1.980148111597721250e-01,6.693926050624099400e-01
4.695102040816326650e+00,1.980148111597721250e-01,5.883322582488356156e-01
4.898367346938775846e+00,1.980148111597721250e-01,5.016493333229650187e-01
5.101632653061225042e+00,1.980148111597721250e-01,4.139442373215349580e-01
5.304897959183673350e+00,1.980148111597721250e-01,3.295559034206195781e-01
5.508163265306122547e+00,1.980148111597721250e-01,2.523279610280385055e-01
5.711428571428571743e+00,1.980148111597721250e-01,1.854218897222977835e-01
5.914693877551020940e+00,1.980148111597721250e-01,1.311844020448802717e-01
6.117959183673469248e+00,1.980148111597721250e-01,9.107258183276090158e-02
6.321224489795918444e+00,1.980148111597721250e-01,6.563666866702237701e-02
6.524489795918367641e+00,1.980148111597721250e-01,5.455703050390058040e-02
6.727755102040816837e+00,1.980148111597721250e-01,5.672897840444233314e-02
6.931020408163266033e+00,1.980148111597721250e-01,7.038678207507138851e-02
7.134285714285714342e+00,1.980148111597721250e-01,9.325663047520818538e-02
7.337551020408163538e+00,1.980148111597721250e-01,1.227273894065441101e-01
7.540816326530612734e+00,1.980148111597721250e-01,1.560278338862808867e-01
7.744081632653061931e+00,1.980148111597721250e-01,1.903995318123292424e-01
7.947346938775510239e+00,1.980148111597721250e-01,2.232556458712403324e-01
8.150612244897960323e+00,1.980148111597721250e-01,2.523174935496629301e-01
8.353877551020408632e+00,1.980148111597721250e-01,2.757226315721919008e-01
8.557142857142856940e+00,1.980148111597721250e-01,2.921003715689954872e-01
8.760408163265307024e+00,1.980148111597721250e-01,3.006128470705680678e-01
8.963673469387755333e+00,1.980148111597721250e-01,3.009619035104781348e-01
9.166938775510205417e+00,1.980148111597721250e-01,2.933640522645261095e-01
9.370204081632653725e+00,1.980148111597721250e-01,2.784974162753055538e-01
9.573469387755102034e+00,1.980148111597721250e-01,2.574259221645462392e-01
9.776734693877552118e+00,1.980148111597721250e-01,2.315069124022661184e-01
9.980000000000000426e+00,1.980148111597721250e-01,2.022888391923066131e-01
2.000000000000000042e-02,2.669562184538131766e-01,9.762013012286588909e-01
2.232653061224489921e-01,2.669562184538131766e-01,7.493776542537968766e-01
4.265306122448980219e-01,2.669562184538131766e-01,5.558331599568199222e-01
6.297959183673470518e-01,2.669562184538131766e-01,4.016675411685617925e-01
8.330612244897960261e-01,2.669562184538131766e-01,2.899474771117602212e-01
1.036326530612245111e+00,2.669562184538131766e-01,2.208097277101836176e-01
1.239591836734694086e+00,2.669562184538131766e-01,1.917453200901320098e-01
1.442857142857143060e+00,2.669562184538131766e-01,1.980276055257389201e-01
1.646122448979592034e+00,2.669562184538131766e-01,2.332414321661115397e-01
1.849387755102041009e+00,2.669562184538131766e-01,2.898684782340910648e-01
2.052653061224490205e+00,2.669562184538131766e-01,3.598847498338313966e-01
2.255918367346938957e+00,2.669562184538131766e-01,4.353299794383224675e-01
2.459183673469388154e+00,2.669562184538131766e-01,5.088146368668263753e-01
2.662448979591836906e+00,2.669562184538131766e-01,5.739378633627659765e-01
2.865714285714286103e+00,2.669562184538131766e-01,6.255981984186170797e-01
3.068979591836734855e+00,2.669562184538131766e-01,6.601878309411839396e-01
3.272244897959184051e+00,2.669562184538131766e-01,6.756696617173332253e-01
3.475510204081633248e+00,2.669562184538131766e-01,6.715441861261783885e-01
3.678775510204082000e+00,2.669562184538131766e-01,6.487196764139281369e-01
3.882040816326531196e+00,2.669562184538131766e-01,6.093040680620486205e-01
4.085306122448979949e+00,2.669562184538131766e-01,5.563401723254519649e-01
4.288571428571428257e+00,2.669562184538131766e-01,4.935073125402708594e-01
4.491836734693877453e+00,2.669562184538131766e-01,4.248122981651614727e-01
4.695102040816326650e+00,2.669562184538131766e-01,3.542909903470383148e-01
4.898367346938775846e+00,2.669562184538131766e-01,2.857388362916378211e-01
5.101632653061225042e+00,2.669562184538131766e-01,2.224849696907346686e-01
5.304897959183673350e+00,2.669562184538131766e-01,1.672201305233859958e-01
5.508163265306122547e+00,2.669562184538131766e-01,1.218840911943826766e-01
5.711428571428571743e+00,2.669562184538131766e-01,8.761380808063250203e-02
5.914693877551020940e+00,2.669562184538131766e-01,6.474942958033941265e-02
6.117959183673469248e+00,2.669562184538131766e-01,5.289181141554839816e-02
6.321224489795918444e+00,2.669562184538131766e-01,5.100248186686093255e-02
6.524489795918367641e+00,2.669562184538131766e-01,5.753516112901537610e-02
6.727755102040816837e+00,2.669562184538131766e-01,7.058700061905553991e-02
6.931020408163266033e+00,2.669562184538131766e-01,8.805763851061587655e-02
7.134285714285714342e+00,2.669562184538131766e-01,1.078048821977888178e-01
7.337551020408163538e+00,2.669562184538131766e-01,1.277871995577261055e-01
7.540816326530612734e+00,2.669562184538131766e-01,1.461850717579877834e-01
7.744081632653061931e+00,2.669562184538131766e-01,1.614954574554399724e-01
7.947346938775510239e+00,2.669562184538131766e-01,1.725959646233296840e-01
8.150612244897960323e+00,2.669562184538131766e-01,1.787776534411086859e-01
8.353877551020408632e+00,2.669562184538131766e-01,1.797475517864436101e-01
8.557142857142856940e+00,2.669562184538131766e-01,1.756038304311239584e-01
8.760408163265307024e+00,2.669562184538131766e-01,1.667880664004358915e-01
8.963673469387755333e+00,2.669562184538131766e-01,1.540200629477195549e-01
9.166938775510205417e+00,2.669562184538131766e-01,1.382212707436360488e-01
9.370204081632653725e+00,2.669562184538131766e-01,1.204329772873640736e-01
9.573469387755102034e+00,2.669562184538131766e-01,1.017351388910947563e-01
9.776734693877552118e+00,2.669562184538131766e-01,8.317108365627316757e-02
9.980000000000000426e+00,2.669562184538131766e-01,6.568239313730390994e-02
2.000000000000000042e-02,3.811760598689231117e-01,9.754433470105264847e-01
2.232653061224489921e-01,3.811760598689231117e-01,7.459238882159023865e-01
4.265306122448980219e-01,3.811760598689231117e-01,5.577054501036092793e-01
6.297959183673470518e-01,3.811760598689231117e-01,4.145827234752759161e-01
8.330612244897960261e-01,3.811760598689231117e-01,3.166571247964868885e-01
1.036326530612245111e+00,3.811760598689231117e-01,2.608314751527274211e-01
1.239591836734694086e+00,3.811760598689231117e-01,2.414852853192810400e-01
1.442857142857143060e+00,3.811760598689231117e-01,2.512518803853227567e-01
1.646122448979592034e+00,3.811760598689231117e-01,2.818219700261582750e-01
1.849387755102041009e+00,3.811760598689231117e-01,3.247070405686342531e-01
2.052653061224490205e+00,3.811760598689231117e-01,3.719086534502162311e-01
2.255918367346938957e+00,3.811760598689231117e-01,4.164548246904995477e-01
2.459183673469388154e+00,3.811760598689231117e-01,4.527806123995077314e-01
2.662448979591836906e+00,3.811760598689231117e-01,4.769454857533346193e-01
2.865714285714286103e+00,3.811760598689231117e-01,4.866938567955789718e-01
3.068979591836734855e+00,3.811760598689231117e-01,4.813764837955588072e-01
3.272244897959184051e+00,3.811760598689231117e-01,4.617587740499256577e-01
3.475510204081633248e+00,3.811760598689231117e-01,4.297471077420756402e-01
3.678775510204082000e+00,3.811760598689231117e-01,3.880662383954960326e-01
3.882040816326531196e+00,3.811760598689231117e-01,3.399199023070041958e-01
4.085306122448979949e+00,3.811760598689231117e-01,2.886634713128371499e-01
4.288571428571428257e+00,3.811760598689231117e-01,2.375124085866716916e-01
4.491836734693877453e+00,3.811760598689231117e-01,1.893040868889568074e-01
4.695102040816326650e+00,3.811760598689231117e-01,1.463238481477612818e-01
4.898367346938775846e+00,3.811760598689231117e-01,1.101996126456270958e-01
5.101632653061225042e+00,3.811760598689231117e-01,8.186338230637997537e-02
5.304897959183673350e+00,3.811760598689231117e-01,6.157300383592211740e-02
5.508163265306122547e+00,3.811760598689231117e-01,4.898381083782703260e-02
5.711428571428571743e+00,3.811760598689231117e-01,4.325736496490091565e-02
5.914693877551020940e+00,3.811760598689231117e-01,4.319345843148589964e-02
6.117959183673469248e+00,3.811760598689231117e-01,4.737171379112564001e-02
6.321224489795918444e+00,3.811760598689231117e-01,5.429033149382586632e-02
6.524489795918367641e+00,3.811760598689231117e-01,6.249154718144375037e-02
6.727755102040816837e+00,3.811760598689231117e-01,7.066589764631069082e-02
6.931020408163266033e+00,3.811760598689231117e-01,7.773018349842682195e-02
7.134285714285714342e+00,3.811760598689231117e-01,8.287680405970170028e-02
7.337551020408163538e+00,3.811760598689231117e-01,8.559470859001441778e-02
7.540816326530612734e+00,3.811760598689231117e-01,8.566438867180166394e-02
7.744081632653061931e+00,3.811760598689231117e-01,8.313101497815722496e-02
7.947346938775510239e+00,3.811760598689231117e-01,7.826093888723119341e-02
8.150612244897960323e+00,3.811760598689231117e-01,7.148732887474862352e-02
8.353877551020408632e+00,3.811760598689231117e-01,6.335073195511553568e-02
8.557142857142856940e+00,3.811760598689231117e-01,5.443991602515074746e-02
8.760408163265307024e+00,3.811760598689231117e-01,4.533755897225615061e-02
8.963673469387755333e+00,3.811760598689231117e-01,3.657431752529253371e-02
9.166938775510205417e+00,3.811760598689231117e-01,2.859364851071525410e-02
9.370204081632653725e+00,3.811760598689231117e-01,2.172857625581756796e-02
9.573469387755102034e+00,3.811760598689231117e-01,1.619049701151716036e-02
9.776734693877552118e+00,3.811760598689231117e-01,1.206915958342264991e-02
9.980000000000000426e+00,3.811760598689231117e-01,9.342213414664608459e-03
2.000000000000000042e-02,4.618122680495932997e-01,9.752185694316800602e-01
2.232653061224489921e-01,4.618122680495932997e-01,7.463874903502673019e-01
4.265306122448980219e-01,4.618122680495932997e-01,5.631521905593892541e-01
6.297959183673470518e-01,4.618122680495932997e-01,4.273505773306928157e-01
8.330612244897960261e-01,4.618122680495932997e-01,3.369182592782257180e-01
1.036326530612245111e+00,4.618122680495932997e-01,2.866860239931558474e-01
1.239591836734694086e+00,4.618122680495932997e-01,2.693181066839273607e-01
1.442857142857143060e+00,4.618122680495932997e-01,2.762843386956188030e-01
1.646122448979592034e+00,4.618122680495932997e-01,2.987746268121022619e-01
1.849387755102041009e+00,4.618122680495932997e-01,3.284849830085708189e-01
2.052653061224490205e+00,4.618122680495932997e-01,3.582277507882599688e-01
2.255918367346938957e+00,4.618122680495932997e-01,3.823422465079395760e-01
2.459183673469388154e+00,4.618122680495932997e-01,3.969036574085011981e-01
2.662448979591836906e+00,4.618122680495932997e-01,3.997461473480881100e-01
2.865714285714286103e+00,4.618122680495932997e-01,3.903297278807990600e-01
3.068979591836734855e+00,4.618122680495932997e-01,3.694891323401465200e-01
3.272244897959184051e+00,4.618122680495932997e-01,3.391067651811838779e-01
3.475510204081633248e+00,4.618122680495932997e-01,3.017512808129172996e-01
3.678775510204082000e+00,4.618122680495932997e-01,2.603192661853182543e-01
3.882040816326531196e+00,4.618122680495932997e-01,2.177108276032024003e-01
4.085306122448979949e+00,4.618122680495932997e-01,1.765616448002324534e-01
4.288571428571428257e+00,4.618122680495932997e-01,1.390452453669442090e-01
4.491836734693877453e+00,4.618122680495932997e-01,1.067507419444167216e-01
4.695102040816326650e+00,4.618122680495932997e-01,8.063375941964519289e-02
4.898367346938775846e+00,4.618122680495932997e-01,6.103224933140534436e-02
5.101632653061225042e+00,4.618122680495932997e-01,4.773461921686480980e-02
5.304897959183673350e+00,4.618122680495932997e-01,4.008516934614133470e-02
5.508163265306122547e+00,4.618122680495932997e-01,3.711112816493847277e-02
5.711428571428571743e+00,4.618122680495932997e-01,3.765637558422355036e-02
5.914693877551020940e+00,4.618122680495932997e-01,4.050891343323923671e-02
6.117959183673469248e+00,4.618122680495932997e-01,4.451191128478671627e-02
6.321224489795918444e+00,4.618122680495932997e-01,4.865134363805446310e-02
6.524489795918367641e+00,4.618122680495932997e-01,5.211648949966528332e-02
6.727755102040816837e+00,4.618122680495932997e-01,5.433259040611929797e-02
6.931020408163266033e+00,4.618122680495932997e-01,5.496753164247530216e-02
7.134285714285714342e+00,4.618122680495932997e-01,5.391637638766921814e-02
7.337551020408163538e+00,4.618122680495932997e-01,5.126887456527860765e-02
7.540816326530612734e+00,4.618122680495932997e-01,4.726568904454455516e-02
7.744081632653061931e+00,4.618122680495932997e-01,4.224909190548532811e-02
7.947346938775510239e+00,4.618122680495932997e-01,3.661338643982130214e-02
8.150612244897960323e+00,4.618122680495932997e-01,3.075943687545030017e-02
8.353877551020408632e+00,4.618122680495932997e-01,2.505657869722370534e-02
8.557142857142856940e+00,4.618122680495932997e-01,1.981397560396596508e-02
8.760408163265307024e+00,4.618122680495932997e-01,1.526230731179507340e-02
8.963673469387755333e+00,4.618122680495932997e-01,1.154561510450708740e-02
9.166938775510205417e+00,4.618122680495932997e-01,8.722270790098534191e-03
9.370204081632653725e+00,4.618122680495932997e-01,6.773411629556782589e-03
9.573469387755102034e+00,4.618122680495932997e-01,5.616812823434993475e-03
9.776734693877552118e+00,4.618122680495932997e-01,5.124039706223636366e-03
9.980000000000000426e+00,4.618122680495932997e-01,5.138803937096743032e-03
2.000000000000000042e-02,5.848648709947658064e-01,9.753673901130757162e-01
2.232653061224489921e-01,5.848648709947658064e-01,7.513477312949154996e-01
4.265306122448980219e-01,5.848648709947658064e-01,5.768259194872542572e-01
6.297959183673470518e-01,5.848648709947658064e-01,4.504771977500165447e-01
8.330612244897960261e-01,5.848648709947658064e-01,3.672583989452524178e-01
1.036326530612245111e+00,5.848648709947658064e-01,3.196059769462042399e-01
1.239591836734694086e+00,5.848648709947658064e-01,2.986550831623866475e-01
1.442857142857143060e+00,5.848648709947658064e-01,2.953471343193982412e-01
1.646122448979592034e+00,5.848648709947658064e-01,3.013331141087017273e-01
1.849387755102041009e+00,5.848648709947658064e-01,3.096208477304410733e-01
2.052653061224490205e+00,5.848648709947658064e-01,3.149521724073359175e-01
2.255918367346938957e+00,5.848648709947658064e-01,3.139270853629806401e-01
2.459183673469388154e+00,5.848648709947658064e-01,3.049147281410131693e-01
2.662448979591836906e+00,5.848648709947658064e-01,2.878048704753269904e-01
2.865714285714286103e+00,5.848648709947658064e-01,2.636588537579964142e-01
3.068979591836734855e+00,5.848648709947658064e-01,2.343169944566713958e-01
3.272244897959184051e+00,5.848648709947658064e-01,2.020119718026354427e-01
3.475510204081633248e+00,5.848648709947658064e-01,1.690266767818353610e-01
3.678775510204082000e+00,5.848648709947658064e-01,1.374222854040442476e-01
3.882040816326531196e+00,5.848648709947658064e-01,1.088496129944434565e-01
4.085306122448979949e+00,5.848648709947658064e-01,8.444542718673599124e-02
4.288571428571428257e+00,5.848648709947658064e-01,6.480624756559795474e-02
4.491836734693877453e+00,5.848648709947658064e-01,5.002571904188162638e-02
4.695102040816326650e+00,5.848648709947658064e-01,3.977801055461166468e-02
4.898367346938775846e+00,5.848648709947658064e-01,3.342864509275042528e-02
5.101632653061225042e+00,5.848648709947658064e-01,3.015527225536823383e-02
5.304897959183673350e+00,5.848648709947658064e-01,2.906358092648897787e-02
5.508163265306122547e+00,5.848648709947658064e-01,2.928720365111799409e-02
5.711428571428571743e+00,5.848648709947658064e-01,3.006450171752186179e-02
5.914693877551020940e+00,5.848648709947658064e-01,3.078904029800223763e-02
6.117959183673469248e+00,5.848648709947658064e-01,3.103398384645675995e-02
6.321224489795918444e+00,5.848648709947658064e-01,3.055331367874987089e-02
6.524489795918367641e+00,5.848648709947658064e-01,2.926457330354334183e-02
6.727755102040816837e+00,5.848648709947658064e-01,2.721877902614998346e-02
6.931020408163266033e+00,5.848648709947658064e-01,2.456328134559099957e-02
7.134285714285714342e+00,5.848648709947658064e-01,2.150287732334425772e-02
7.337551020408163538e+00,5.848648709947658064e-01,1.826353996955448408e-02
7.540816326530612734e+00,5.848648709947658064e-01,1.506193989093818769e-02
7.744081632653061931e+00,5.848648709947658064e-01,1.208266510409675663e-02
7.947346938775510239e+00,5.848648709947658064e-01,9.463845627276121913e-03
8.150612244897960323e+00,5.848648709947658064e-01,7.290870081905714492e-03
8.353877551020408632e+00,5.848648709947658064e-01,5.597109972238437613e-03
8.557142857142856940e+00,5.848648709947658064e-01,4.370071348212973758e-03
8.760408163265307024e+00,5.848648709947658064e-01,3.561166451196980109e-03
8.963673469387755333e+00,5.848648709947658064e-01,3.097306435991213809e-03
9.166938775510205417e+00,5.848648709947658064e-01,2.892709648174489594e-03
9.370204081632653725e+00,5.848648709947658064e-01,2.859639019796295870e-03
9.573469387755102034e+00,5.848648709947658064e-01,2.917167195738271535e-03
9.776734693877552118e+00,5.848648709947658064e-01,2.997465067495411542e-03
9.980000000000000426e+00,5.848648709947658064e-01,3.049474685935628978e-03
2.000000000000000042e-02,6.795681033322550357e-01,9.758841406972861288e-01
2.232653061224489921e-01,6.795681033322550357e-01,7.583848204537121385e-01
4.265306122448980219e-01,6.795681033322550357e-01,5.909015401262377454e-01
6.297959183673470518e-01,6.795681033322550357e-01,4.698418943406448278e-01
8.330612244897960261e-01,6.795681033322550357e-01,3.884786264874936501e-01
1.036326530612245111e+00,6.795681033322550357e-01,3.383091299492840265e-01
1.239591836734694086e+00,6.795681033322550357e-01,3.103187476936540290e-01
1.442857142857143060e+00,6.795681033322550357e-01,2.960199728653079565e-01
1.646122448979592034e+00,6.795681033322550357e-01,2.881971838956786658e-01
1.849387755102041009e+00,6.795681033322550357e-01,2.813383852921801931e-01
2.052653061224490205e+00,6.795681033322550357e-01,2.717768763257024101e-01
2.255918367346938957e+00,6.795681033322550357e-01,2.575944901099859741e-01
2.459183673469388154e+00,6.795681033322550357e-01,2.383537477538850424e-01
2.662448979591836906e+00,6.795681033322550357e-01,2.147302632044364723e-01
2.865714285714286103e+00,6.795681033322550357e-01,1.881113772082618762e-01
3.068979591836734855e+00,6.795681033322550357e-01,1.602151811010131266e-01
3.272244897959184051e+00,6.795681033322550357e-01,1.327687600622752817e-01
3.475510204081633248e+00,6.795681033322550357e-01,1.072682881224818197e-01
3.678775510204082000e+00,6.795681033322550357e-01,8.482865286557721152e-02
3.882040816326531196e+00,6.795681033322550357e-01,6.611803062875469539e-02
4.085306122448979949e+00,6.795681033322550357e-01,5.136405992528726011e-02
4.288571428571428257e+00,6.795681033322550357e-01,4.041316026191077437e-02
4.491836734693877453e+00,6.795681033322550357e-01,3.282282792394081161e-02
4.695102040816326650e+00,6.795681033322550357e-01,2.796779470244613319e-02
4.898367346938775846e+00,6.795681033322550357e-01,2.514396869856253339e-02
5.101632653061225042e+00,6.795681033322550357e-01,2.365825602490047655e-02
5.304897959183673350e+00,6.795681033322550357e-01,2.289692263369720246e-02
5.508163265306122547e+00,6.795681033322550357e-01,2.236947098500815384e-02
5.711428571428571743e+00,6.795681033322550357e-01,2.172863081807485316e-02
5.914693877551020940e+00,6.795681033322550357e-01,2.076973944974022657e-02
6.117959183673469248e+00,6.795681033322550357e-01,1.941443055558881095e-02
6.321224489795918444e+00,6.795681033322550357e-01,1.768421833494212073e-02
6.524489795918367641e+00,6.795681033322550357e-01,1.566941386378592135e-02
6.727755102040816837e+00,6.795681033322550357e-01,1.349805763076405464e-02
6.931020408163266033e+00,6.795681033322550357e-01,1.130843067204110285e-02
7.134285714285714342e+00,6.795681033322550357e-01,9.227437022749350806e-03
7.337551020408163538e+00,6.795681033322550357e-01,7.355917104060222256e-03
7.540816326530612734e+00,6.795681033322550357e-01,5.760890982782644609e-03
7.744081632653061931e+00,6.795681033322550357e-01,4.473924983202279791e-03
7.947346938775510239e+00,6.795681033322550357e-01,3.494297793312837672e-03
8.150612244897960323e+00,6.795681033322550357e-01,2.795404166939665681e-03
8.353877551020408632e+00,6.795681033322550357e-01,2.332836145347988010e-03
8.557142857142856940e+00,6.795681033322550357e-01,2.052765372972834273e-03
8.760408163265307024e+00,6.795681033322550357e-01,1.899550220059889431e-03
8.963673469387755333e+00,6.795681033322550357e-01,1.821844822430537499e-03
9.166938775510205417e+00,6.795681033322550357e-01,1.776839591257246614e-03
9.370204081632653725e+00,6.795681033322550357e-01,1.732573211339495873e-03
9.573469387755102034e+00,6.795681033322550357e-01,1.668498427782036386e-03
9.776734693877552118e+00,6.795681033322550357e-01,1.574646121726337635e-03
9.980000000000000426e+00,6.795681033322550357e-01,1.449814650307944004e-03
2.000000000000000042e-02,7.121767746491227680e-01,9.761426282362466456e-01
2.232653061224489921e-01,7.121767746491227680e-01,7.614103014404911551e-01
4.265306122448980219e-01,7.121767746491227680e-01,5.963286288274137759e-01
6.297959183673470518e-01,7.121767746491227680e-01,4.766149389911500944e-01
8.330612244897960261e-01,7.121767746491227680e-01,3.951397322955601532e-01
1.036326530612245111e+00,7.121767746491227680e-01,3.432948353293624466e-01
1.239591836734694086e+00,7.121767746491227680e-01,3.122270872814157938e-01
1.442857142857143060e+00,7.121767746491227680e-01,2.938170297321420210e-01
1.646122448979592034e+00,7.121767746491227680e-01,2.813439860292714645e-01
1.849387755102041009e+00,7.121767746491227680e-01,2.698323411133487504e-01
2.052653061224490205e+00,7.121767746491227680e-01,2.561143983050288009e-01
2.255918367346938957e+00,7.121767746491227680e-01,2.386711917022026896e-01
2.459183673469388154e+00,7.121767746491227680e-01,2.173245697517970920e-01
2.662448979591836906e+00,7.121767746491227680e-01,1.928538239828347101e-01
2.865714285714286103e+00,7.121767746491227680e-01,1.666011384155656749e-01
3.068979591836734855e+00,7.121767746491227680e-01,1.401155330227581153e-01
3.272244897959184051e+00,7.121767746491227680e-01,1.148679616142955634e-01
3.475510204081633248e+00,7.121767746491227680e-01,9.205348420416542554e-02
3.678775510204082000e+00,7.121767746491227680e-01,7.248194155529584515e-02
3.882040816326531196e+00,7.121767746491227680e-01,5.654751945064220853e-02
4.085306122448979949e+00,7.121767746491227680e-01,4.426048264364641077e-02
4.288571428571428257e+00,7.121767746491227680e-01,3.532106327185688399e-02
4.491836734693877453e+00,7.121767746491227680e-01,2.921545081565558172e-02
4.695102040816326650e+00,7.121767746491227680e-01,2.531623765564517542e-02
4.898367346938775846e+00,7.121767746491227680e-01,2.297361922897067296e-02
5.101632653061225042e+00,7.121767746491227680e-01,2.158826427007414298e-02
5.304897959183673350e+00,7.121767746491227680e-01,2.066132799798597527e-02
5.508163265306122547e+00,7.121767746491227680e-01,1.982103947981547071e-02
5.711428571428571743e+00,7.121767746491227680e-01,1.882832249077158807e-02
5.914693877551020940e+00,7.121767746491227680e-01,1.756587232299279544e-02
6.117959183673469248e+00,7.121767746491227680e-01,1.601603808712878316e-02
6.321224489795918444e+00,7.121767746491227680e-01,1.423289898089644817e-02
6.524489795918367641e+00,7.121767746491227680e-01,1.231329268504861157e-02
6.727755102040816837e+00,7.121767746491227680e-01,1.037049990811725504e-02
6.931020408163266033e+00,7.121767746491227680e-01,8.513046483972655162e-03
7.134285714285714342e+00,7.121767746491227680e-01,6.829852453357097494e-03
7.337551020408163538e+00,7.121767746491227680e-01,5.381883967202221591e-03
7.540816326530612734e+00,7.121767746491227680e-01,4.199639895547955908e-03
7.744081632653061931e+00,7.121767746491227680e-01,3.285268571210005553e-03
7.947346938775510239e+00,7.121767746491227680e-01,2.617854413742023469e-03
8.150612244897960323e+00,7.121767746491227680e-01,2.160399982023959893e-03
8.353877551020408632e+00,7.121767746491227680e-01,1.867197427597148572e-03
8.557142857142856940e+00,7.121767746491227680e-01,1.690568020184920941e-03
8.760408163265307024e+00,7.121767746491227680e-01,1.586285536469951791e-03
8.963673469387755333e+00,7.121767746491227680e-01,1.517334638363666138e-03
9.166938775510205417e+00,7.121767746491227680e-01,1.455948546914093318e-03
9.370204081632653725e+00,7.121767746491227680e-01,1.384096251100309406e-03
9.573469387755102034e+00,7.121767746491227680e-01,1.292737583825301004e-03
9.776734693877552118e+00,7.121767746491227680e-01,1.180236303331078009e-03
9.980000000000000426e+00,7.121767746491227680e-01,1.050327294266075904e-03
2.000000000000000042e-02,8.270601088535711742e-01,9.773804751702884763e-01
2.232653061224489921e-01,8.270601088535711742e-01,7.743541669083423562e-01
4.265306122448980219e-01,8.270601088535711742e-01,6.173310931961646375e-01
6.297959183673470518e-01,8.270601088535711742e-01,5.002052774394041279e-01
8.330612244897960261e-01,8.270601088535711742e-01,4.153551730956278609e-01
1.036326530612245111e+00,8.270601088535711742e-01,3.547822459418026875e-01
1.239591836734694086e+00,8.270601088535711742e-01,3.110318570107920011e-01
1.442857142857143060e+00,8.270601088535711742e-01,2.778219285561810414e-01
1.646122448979592034e+00,8.270601088535711742e-01,2.503681422806861012e-01
1.849387755102041009e+00,8.270601088535711742e-01,2.254409832997280316e-01
2.052653061224490205e+00,8.270601088535711742e-01,2.012181243413417031e-01
2.255918367346938957e+00,8.270601088535711742e-01,1.770067956991021041e-01
2.459183673469388154e+00,8.270601088535711742e-01,1.529082405580389215e-01
2.662448979591836906e+00,8.270601088535711742e-01,1.294843968778643384e-01
2.865714285714286103e+00,8.270601088535711742e-01,1.074699442586800335e-01
3.068979591836734855e+00,8.270601088535711742e-01,8.755462769034101644e-02
3.272244897959184051e+00,8.270601088535711742e-01,7.024421767590360854e-02
3.475510204081633248e+00,8.270601088535711742e-01,5.579542354801398513e-02
3.678775510204082000e+00,8.270601088535711742e-01,4.421136532498350785e-02
3.882040816326531196e+00,8.270601088535711742e-01,3.527981195098520845e-02
4.085306122448979949e+00,8.270601088535711742e-01,2.863569638510759727e-02
4.288571428571428257e+00,8.270601088535711742e-01,2.383146624694239962e-02
4.491836734693877453e+00,8.270601088535711742e-01,2.040255770621390505e-02
4.695102040816326650e+00,8.270601088535711742e-01,1.791969460917306259e-02
4.898367346938775846e+00,8.270601088535711742e-01,1.602400734246030994e-02
5.101632653061225042e+00,8.270601088535711742e-01,1.444457647717484021e-02
5.304897959183673350e+00,8.270601088535711742e-01,1.300062912432901202e-02
5.508163265306122547e+00,8.270601088535711742e-01,1.159216990657067729e-02
5.711428571428571743e+00,8.270601088535711742e-01,1.018340395511213407e-02
5.914693877551020940e+00,8.270601088535711742e-01,8.783106952081513180e-03
6.117959183673469248e+00,8.270601088535711742e-01,7.425368337061268552e-03
6.321224489795918444e+00,8.270601088535711742e-01,6.153131100597067187e-03
6.524489795918367641e+00,8.270601088535711742e-01,5.005893621360757960e-03
6.727755102040816837e+00,8.270601088535711742e-01,4.011989467247156424e-03
6.931020408163266033e+00,8.270601088535711742e-01,3.185121736898561661e-03
7.134285714285714342e+00,8.270601088535711742e-01,2.524342729690568984e-03
7.337551020408163538e+00,8.270601088535711742e-01,2.016433114709257485e-03
7.540816326530612734e+00,8.270601088535711742e-01,1.639609446392655901e-03
7.744081632653061931e+00,8.270601088535711742e-01,1.367618322822604501e-03
7.947346938775510239e+00,8.270601088535711742e-01,1.173497731556359452e-03
8.150612244897960323e+00,8.270601088535711742e-01,1.032543947578348602e-03
8.353877551020408632e+00,8.270601088535711742e-01,9.242698673406327158e-04
8.557142857142856940e+00,8.270601088535711742e-01,8.333465159112699765e-04
8.760408163265307024e+00,8.270601088535711742e-01,7.496670182103706880e-04
8.963673469387755333e+00,8.270601088535711742e-01,6.677577924024642253e-04
9.166938775510205417e+00,8.270601088535711742e-01,5.857910233566411681e-04
9.370204081632653725e+00,8.270601088535711742e-01,5.044376404118616113e-04
9.573469387755102034e+00,8.270601088535711742e-01,4.257557856368025134e-04
9.776734693877552118e+00,8.270601088535711742e-01,3.522507228832730676e-04
9.980000000000000426e+00,8.270601088535711742e-01,2.861807915391704994e-04
2.000000000000000042e-02,9.846232770208177554e-01,9.799018831434355148e-01
2.232653061224489921e-01,9.846232770208177554e-01,7.973618729349477574e-01
4.265306122448980219e-01,9.846232770208177554e-01,6.494980361205722197e-01
6.297959183673470518e-01,9.846232770208177554e-01,5.300356266980359443e-01
8.330612244897960261e-01,9.846232770208177554e-01,4.335732567416123451e-01
1.036326530612245111e+00,9.846232770208177554e-01,3.555528781123489246e-01
1.239591836734694086e+00,9.846232770208177554e-01,2.922152665617310241e-01
1.442857142857143060e+00,9.846232770208177554e-01,2.405323952200888460e-01
1.646122448979592034e+00,9.846232770208177554e-01,1.981184796682456672e-01
1.849387755102041009e+00,9.846232770208177554e-01,1.631274687399401069e-01
2.052653061224490205e+00,9.846232770208177554e-01,1.341469353684130728e-01
2.255918367346938957e+00,9.846232770208177554e-01,1.100976904799669670e-01
2.459183673469388154e+00,9.846232770208177554e-01,9.014611412296327786e-02
2.662448979591836906e+00,9.846232770208177554e-01,7.363318212575176158e-02
2.865714285714286103e+00,9.846232770208177554e-01,6.002124132341652568e-02
3.068979591836734855e+00,9.846232770208177554e-01,4.885724799668101498e-02
3.272244897959184051e+00,9.846232770208177554e-01,3.974966048311815575e-02
3.475510204081633248e+00,9.846232770208177554e-01,3.235548002402269252e-02
3.678775510204082000e+00,9.846232770208177554e-01,2.637393050932079069e-02
3.882040816326531196e+00,9.846232770208177554e-01,2.154375007840015135e-02
4.085306122448979949e+00,9.846232770208177554e-01,1.764181276250790034e-02
4.288571428571428257e+00,9.846232770208177554e-01,1.448161099786716109e-02
4.491836734693877453e+00,9.846232770208177554e-01,1.191086531799248789e-02
4.695102040816326650e+00,9.846232770208177554e-01,9.808099610609119501e-03
4.898367346938775846e+00,9.846232770208177554e-01,8.078396396562886536e-03
5.101632653061225042e+00,9.846232770208177554e-01,6.648735654382350625e-03
5.304897959183673350e+00,9.846232770208177554e-01,5.463358420677267083e-03
5.508163265306122547e+00,9.846232770208177554e-01,4.479530590747338864e-03
5.711428571428571743e+00,9.846232770208177554e-01,3.663961352677638263e-03
5.914693877551020940e+00,9.846232770208177554e-01,2.989995354483681624e-03
6.117959183673469248e+00,9.846232770208177554e-01,2.435577254193153907e-03
6.321224489795918444e+00,9.846232770208177554e-01,1.981898467649371217e-03
6.524489795918367641e+00,9.846232770208177554e-01,1.612584389857555332e-03
6.727755102040816837e+00,9.846232770208177554e-01,1.313263527346820786e-03
6.931020408163266033e+00,9.846232770208177554e-01,1.071370175287044302e-03
7.134285714285714342e+00,9.846232770208177554e-01,8.760597405122891789e-04
7.337551020408163538e+00,9.846232770208177554e-01,7.181510188078817818e-04
7.540816326530612734e+00,9.846232770208177554e-01,5.900448995164192132e-04
7.744081632653061931e+00,9.846232770208177554e-01,4.855987836528854302e-04
7.947346938775510239e+00,9.846232770208177554e-01,3.999577023231564387e-04
8.150612244897960323e+00,9.846232770208177554e-01,3.293561255656145964e-04
8.353877551020408632e+00,9.846232770208177554e-01,2.709097397380095672e-04
8.557142857142856940e+00,9.846232770208177554e-01,2.224159247859211854e-04
8.760408163265307024e+00,9.846232770208177554e-01,1.821774630621441585e-04
8.963673469387755333e+00,9.846232770208177554e-01,1.488581908759598982e-04
9.166938775510205417e+00,9.846232770208177554e-01,1.213734658729691539e-04
9.370204081632653725e+00,9.846232770208177554e-01,9.881352460837947377e-05
9.573469387755102034e+00,9.846232770208177554e-01,8.039456612384190016e-05
9.776734693877552118e+00,9.846232770208177554e-01,6.543079800178141017e-05
9.980000000000000426e+00,9.846232770208177554e-01,5.332049369594339753e-05
